employee_id,timestamp,mood
user_001,2025-04-12 12:49:22.475337,Neutral
user_001,2025-04-12 12:49:58.417544,Neutral
user_001,2025-04-12 12:50:16.136163,Happy
user_001,2025-04-12 12:50:29.507391,Neutral
user_001,2025-04-12 12:50:31.667761,Stressed
user_001,2025-04-12 12:50:36.767209,Neutral
user_001,2025-04-12 12:50:43.871952,Stressed
user_001,2025-04-12 12:50:51.627357,Stressed
user_001,2025-04-12 12:50:52.947561,Stressed
user_001,2025-04-12 12:50:53.164985,Stressed
user_001,2025-04-12 12:51:05.242180,Happy
user_001,2025-04-12 12:51:06.469425,Happy
user_001,2025-04-12 12:51:06.699895,Happy
user_001,2025-04-12 12:51:06.924924,Happy
user_001,2025-04-12 12:51:28.184732,Neutral
user_001,2025-04-12 12:51:46.982181,Stressed
user_001,2025-04-12 12:52:04.449669,Happy
user_001,2025-04-12 12:52:12.001531,Neutral
user_001,2025-04-12 12:52:28.334256,Neutral
user_001,2025-04-12 12:52:40.132794,Neutral
user_001,2025-04-12 12:53:50.383360,Neutral
user_001,2025-04-12 13:06:03.374280,Happy
user_001,2025-04-12 13:06:55.152612,Stressed
user_001,2025-04-12 13:07:02.532788,Neutral
user_001,2025-04-12 13:18:44.299664,Happy
user_001,2025-04-12 13:18:58.238317,Neutral
user_001,2025-04-12 13:19:11.337436,Happy
user_001,2025-04-12 13:20:11.537655,Stressed
user_001,2025-04-12 13:33:38.971724,Neutral
user_001,2025-04-12 13:33:54.407729,Neutral
user_001,2025-04-12 13:34:07.729313,Neutral
user_001,2025-04-12 13:34:10.466766,Neutral
user_001,2025-04-12 13:40:13.386918,Neutral
user_001,2025-04-12 13:40:23.825316,Neutral
user_001,2025-04-12 13:40:33.102101,Neutral
user_001,2025-04-12 13:41:49.285239,Neutral
user_001,2025-04-12 13:46:19.433450,Neutral
user_001,2025-04-12 13:46:28.126861,Neutral
user_001,2025-04-12 13:46:58.090010,Neutral
user_001,2025-04-12 13:47:26.728570,Neutral
user_001,2025-04-12 13:47:37.476515,Happy
user_001,2025-04-12 13:47:52.756848,Sad
user_001,2025-04-12 13:48:05.455760,Angry
user_001,2025-04-12 13:48:24.844947,Angry
user_001,2025-04-12 13:48:36.609284,Neutral
user_001,2025-04-12 13:48:51.639879,Stressed
user_001,2025-04-12 13:49:02.524353,Happy
user_001,2025-04-12 13:49:07.868075,Happy
user_001,2025-04-12 15:44:30.842293,Happy
user_001,2025-04-12 15:44:45.854002,Angry
user_001,2025-04-12 15:44:56.904948,Neutral
